"place_id","place_name","place_url","website","formatted_address","latitude","longitude","street","city","state","country","zipcode","price_level","reservable","takeout","dine_in","serves_lunch","serves_dinner","serves_beer","serves_wine","serves_brunch","serves_vegetarian_food","opening_hours","total_rating_value","total_rating_count","brand"
"ChIJE9on3F3HwoAR9AhGJW_fL-I","Los Angeles","https://maps.google.com/?q=Los+Angeles,+CA,+USA&ftid=0x80c2c75ddc27da13:0xe22fdf6f254608f4","http://www.lacity.org/index.htm","Los Angeles, CA, USA","34.0536909","-118.242766","Los Angeles"," CA","USA","","","","","","","","","","","","","","","","Other"
"ChIJzR3BFo2jwoARzQhg7WF7_jI","Fiesta Feast","https://maps.google.com/?cid=3674510006505441485","https://www.fiestafeastmenu.com/?utm_source=gbp","17336 Sunset Blvd, Pacific Palisades, CA 90272, USA","34.0415812","-118.5186872","17336 Sunset Blvd"," Pacific Palisades","CA"," USA","90272","1","","True","True","True","True","False","False","","","{'open_now': True, 'periods': [{'close': {'day': 0, 'time': '1800'}, 'open': {'day': 0, 'time': '0800'}}, {'close': {'day': 1, 'time': '2000'}, 'open': {'day': 1, 'time': '0800'}}, {'close': {'day': 2, 'time': '2000'}, 'open': {'day': 2, 'time': '0800'}}, {'close': {'day': 3, 'time': '2000'}, 'open': {'day': 3, 'time': '0800'}}, {'close': {'day': 4, 'time': '2000'}, 'open': {'day': 4, 'time': '0800'}}, {'close': {'day': 5, 'time': '2000'}, 'open': {'day': 5, 'time': '0800'}}, {'close': {'day': 6, 'time': '2000'}, 'open': {'day': 6, 'time': '0800'}}], 'weekday_text': ['Monday: 8:00\u202fAM\u2009–\u20098:00\u202fPM', 'Tuesday: 8:00\u202fAM\u2009–\u20098:00\u202fPM', 'Wednesday: 8:00\u202fAM\u2009–\u20098:00\u202fPM', 'Thursday: 8:00\u202fAM\u2009–\u20098:00\u202fPM', 'Friday: 8:00\u202fAM\u2009–\u20098:00\u202fPM', 'Saturday: 8:00\u202fAM\u2009–\u20098:00\u202fPM', 'Sunday: 8:00\u202fAM\u2009–\u20096:00\u202fPM']}","4","132","Other"
"ChIJrVlhVHrHwoAR-ksiHYQBLVg","IHOP","https://maps.google.com/?cid=6353736316225735674","https://restaurants.ihop.com/en-us/ca/los-angeles/breakfast-3165-w-6th-st-717?utm_source=google&utm_medium=organic&utm_campaign=google_my_business&utm_term=717&utm_content=website","3165 W 6th St, Los Angeles, CA 90020, USA","34.063607078947","-118.29025055263","3165 W 6th St"," Los Angeles","CA"," USA","90020","1","False","True","True","True","True","False","False","True","True","{'open_now': True, 'periods': [{'open': {'day': 0, 'time': '0000'}}], 'weekday_text': ['Monday: Open 24 hours', 'Tuesday: Open 24 hours', 'Wednesday: Open 24 hours', 'Thursday: Open 24 hours', 'Friday: Open 24 hours', 'Saturday: Open 24 hours', 'Sunday: Open 24 hours']}","4.1","3735","Dine Brands"
"ChIJPfaiSN23woARiVMqz2yLz60","IHOP","https://maps.google.com/?cid=12524382388189025161","https://restaurants.ihop.com/en-us/ca/los-angeles/breakfast-1880-w-slauson-ave-792?utm_source=google&utm_medium=organic&utm_campaign=google_my_business&utm_term=792&utm_content=website","1880 W Slauson Ave, Los Angeles, CA 90047, USA","33.989045816327","-118.30983338776","1880 W Slauson Ave"," Los Angeles","CA"," USA","90047","1","False","True","True","True","True","False","False","True","True","{'open_now': True, 'periods': [{'close': {'day': 1, 'time': '0000'}, 'open': {'day': 0, 'time': '0600'}}, {'close': {'day': 2, 'time': '0000'}, 'open': {'day': 1, 'time': '0600'}}, {'close': {'day': 3, 'time': '0000'}, 'open': {'day': 2, 'time': '0600'}}, {'close': {'day': 4, 'time': '0000'}, 'open': {'day': 3, 'time': '0600'}}, {'close': {'day': 5, 'time': '0000'}, 'open': {'day': 4, 'time': '0600'}}, {'close': {'day': 6, 'time': '0000'}, 'open': {'day': 5, 'time': '0600'}}, {'close': {'day': 0, 'time': '0000'}, 'open': {'day': 6, 'time': '0600'}}], 'weekday_text': ['Monday: 6:00\u202fAM\u2009–\u200912:00\u202fAM', 'Tuesday: 6:00\u202fAM\u2009–\u200912:00\u202fAM', 'Wednesday: 6:00\u202fAM\u2009–\u200912:00\u202fAM', 'Thursday: 6:00\u202fAM\u2009–\u200912:00\u202fAM', 'Friday: 6:00\u202fAM\u2009–\u200912:00\u202fAM', 'Saturday: 6:00\u202fAM\u2009–\u200912:00\u202fAM', 'Sunday: 6:00\u202fAM\u2009–\u200912:00\u202fAM']}","4.1","2256","Dine Brands"
"ChIJEc_lcqW-woARn1T_Yr_0a9k","Micky's Weho","https://maps.google.com/?cid=15666884831575233695","http://www.mickys.com/","8857 Santa Monica Blvd, West Hollywood, CA 90069, USA","34.0854465","-118.383787","8857 Santa Monica Blvd"," West Hollywood","CA"," USA","90069","2","True","True","True","","","True","True","","","{'open_now': False, 'periods': [{'close': {'day': 1, 'time': '0200'}, 'open': {'day': 0, 'time': '1300'}}, {'close': {'day': 2, 'time': '0200'}, 'open': {'day': 1, 'time': '1700'}}, {'close': {'day': 4, 'time': '0200'}, 'open': {'day': 3, 'time': '1700'}}, {'close': {'day': 5, 'time': '0200'}, 'open': {'day': 4, 'time': '1700'}}, {'close': {'day': 6, 'time': '0400'}, 'open': {'day': 5, 'time': '1700'}}, {'close': {'day': 0, 'time': '0400'}, 'open': {'day': 6, 'time': '1300'}}], 'weekday_text': ['Monday: 5:00\u202fPM\u2009–\u20092:00\u202fAM', 'Tuesday: Closed', 'Wednesday: 5:00\u202fPM\u2009–\u20092:00\u202fAM', 'Thursday: 5:00\u202fPM\u2009–\u20092:00\u202fAM', 'Friday: 5:00\u202fPM\u2009–\u20094:00\u202fAM', 'Saturday: 1:00\u202fPM\u2009–\u20094:00\u202fAM', 'Sunday: 1:00\u202fPM\u2009–\u20092:00\u202fAM']}","3.2","407","Other"
"ChIJeXAC8G7LwoARaCbZsVm43Lk","IHOP","https://maps.google.com/?cid=13392782087268410984","https://restaurants.ihop.com/en-us/ca/compton/breakfast-249-e-compton-blvd-773?utm_source=google&utm_medium=organic&utm_campaign=google_my_business&utm_term=773&utm_content=website","249 E Compton Blvd, Compton, CA 90220, USA","33.896041411312","-118.22122131859","249 E Compton Blvd"," Compton","CA"," USA","90220","1","False","True","True","True","True","False","False","True","True","{'open_now': True, 'periods': [{'close': {'day': 1, 'time': '0000'}, 'open': {'day': 0, 'time': '0600'}}, {'close': {'day': 2, 'time': '0000'}, 'open': {'day': 1, 'time': '0600'}}, {'close': {'day': 3, 'time': '0000'}, 'open': {'day': 2, 'time': '0600'}}, {'close': {'day': 4, 'time': '0000'}, 'open': {'day': 3, 'time': '0600'}}, {'close': {'day': 5, 'time': '0000'}, 'open': {'day': 4, 'time': '0600'}}, {'close': {'day': 6, 'time': '0000'}, 'open': {'day': 5, 'time': '0600'}}, {'close': {'day': 0, 'time': '0000'}, 'open': {'day': 6, 'time': '0600'}}], 'weekday_text': ['Monday: 6:00\u202fAM\u2009–\u200912:00\u202fAM', 'Tuesday: 6:00\u202fAM\u2009–\u200912:00\u202fAM', 'Wednesday: 6:00\u202fAM\u2009–\u200912:00\u202fAM', 'Thursday: 6:00\u202fAM\u2009–\u200912:00\u202fAM', 'Friday: 6:00\u202fAM\u2009–\u200912:00\u202fAM', 'Saturday: 6:00\u202fAM\u2009–\u200912:00\u202fAM', 'Sunday: 6:00\u202fAM\u2009–\u200912:00\u202fAM']}","4.2","1926","Dine Brands"
"ChIJUQLjnZ853YgRGAbKa2A8tYw","Fuzzy’s Taco Shop","https://maps.google.com/?cid=10139076520917468696","https://fuzzystacoshop.com/locations/florida/lakeland/","3950 Florida Ave S, Lakeland, FL 33813, USA","27.995004","-81.957231","3950 Florida Ave S"," Lakeland","FL"," USA","33813","1","False","True","True","True","True","True","True","True","True","{'open_now': True, 'periods': [{'close': {'day': 0, 'time': '2100'}, 'open': {'day': 0, 'time': '1100'}}, {'close': {'day': 1, 'time': '2100'}, 'open': {'day': 1, 'time': '1100'}}, {'close': {'day': 2, 'time': '2200'}, 'open': {'day': 2, 'time': '1100'}}, {'close': {'day': 3, 'time': '2200'}, 'open': {'day': 3, 'time': '1100'}}, {'close': {'day': 4, 'time': '2200'}, 'open': {'day': 4, 'time': '1100'}}, {'close': {'day': 5, 'time': '2300'}, 'open': {'day': 5, 'time': '1100'}}, {'close': {'day': 6, 'time': '2300'}, 'open': {'day': 6, 'time': '1100'}}], 'weekday_text': ['Monday: 11:00\u202fAM\u2009–\u20099:00\u202fPM', 'Tuesday: 11:00\u202fAM\u2009–\u200910:00\u202fPM', 'Wednesday: 11:00\u202fAM\u2009–\u200910:00\u202fPM', 'Thursday: 11:00\u202fAM\u2009–\u200910:00\u202fPM', 'Friday: 11:00\u202fAM\u2009–\u200911:00\u202fPM', 'Saturday: 11:00\u202fAM\u2009–\u200911:00\u202fPM', 'Sunday: 11:00\u202fAM\u2009–\u20099:00\u202fPM']}","4.3","2114","Dine Brands"
"ChIJz-2pzajBwoARWgXuM-uBnrs","IHOP","https://maps.google.com/?cid=13519385978601342298","https://restaurants.ihop.com/en-us/ca/glendale/breakfast-605-n-glendale-ave-708?utm_source=google&utm_medium=organic&utm_campaign=google_my_business&utm_term=708&utm_content=website","605 N Glendale Ave, Glendale, CA 91206, USA","34.1550749","-118.24304150506","605 N Glendale Ave"," Glendale","CA"," USA","91206","1","False","True","True","True","True","False","False","True","True","{'open_now': True, 'periods': [{'open': {'day': 0, 'time': '0000'}}], 'weekday_text': ['Monday: Open 24 hours', 'Tuesday: Open 24 hours', 'Wednesday: Open 24 hours', 'Thursday: Open 24 hours', 'Friday: Open 24 hours', 'Saturday: Open 24 hours', 'Sunday: Open 24 hours']}","4.2","1194","Dine Brands"
"ChIJ46koiiDJwoARTipLSjQRvpA","Taco Bell","https://maps.google.com/?cid=10429792703319059022","https://locations.tacobell.com/ca/huntington-park/2543-slauson-ave.html?utm_source=yext&utm_campaign=googlelistings&utm_medium=referral&utm_term=033621&utm_content=website&y_source=1_NjE0NDc5OC03MTUtbG9jYXRpb24ud2Vic2l0ZQ%3D%3D","2543 Slauson Ave, Huntington Park, CA 90255, USA","33.9894558","-118.22642003559","2543 Slauson Ave"," Huntington Park","CA"," USA","90255","1","","True","True","True","True","False","False","","True","{'open_now': True, 'periods': [{'close': {'day': 1, 'time': '0200'}, 'open': {'day': 0, 'time': '0900'}}, {'close': {'day': 2, 'time': '0200'}, 'open': {'day': 1, 'time': '0800'}}, {'close': {'day': 3, 'time': '0200'}, 'open': {'day': 2, 'time': '0800'}}, {'close': {'day': 4, 'time': '0200'}, 'open': {'day': 3, 'time': '0800'}}, {'close': {'day': 5, 'time': '0200'}, 'open': {'day': 4, 'time': '0800'}}, {'close': {'day': 6, 'time': '0300'}, 'open': {'day': 5, 'time': '0800'}}, {'close': {'day': 0, 'time': '0300'}, 'open': {'day': 6, 'time': '0900'}}], 'weekday_text': ['Monday: 8:00\u202fAM\u2009–\u20092:00\u202fAM', 'Tuesday: 8:00\u202fAM\u2009–\u20092:00\u202fAM', 'Wednesday: 8:00\u202fAM\u2009–\u20092:00\u202fAM', 'Thursday: 8:00\u202fAM\u2009–\u20092:00\u202fAM', 'Friday: 8:00\u202fAM\u2009–\u20093:00\u202fAM', 'Saturday: 9:00\u202fAM\u2009–\u20093:00\u202fAM', 'Sunday: 9:00\u202fAM\u2009–\u20092:00\u202fAM']}","3.9","1135","Other"
"ChIJH3U277bHwoARlovdEXBQOh8","IHOP","https://maps.google.com/?cid=2250199406091275158","https://restaurants.ihop.com/en-us/ca/los-angeles/breakfast-800-s-flower-st-797?utm_source=google&utm_medium=organic&utm_campaign=google_my_business&utm_term=797&utm_content=website","800 Flower St, Los Angeles, CA 90017, USA","34.0470446","-118.260069","800 Flower St"," Los Angeles","CA"," USA","90017","1","False","True","True","True","True","False","False","True","True","{'open_now': True, 'periods': [{'open': {'day': 0, 'time': '0000'}}], 'weekday_text': ['Monday: Open 24 hours', 'Tuesday: Open 24 hours', 'Wednesday: Open 24 hours', 'Thursday: Open 24 hours', 'Friday: Open 24 hours', 'Saturday: Open 24 hours', 'Sunday: Open 24 hours']}","4.1","3069","Dine Brands"
"ChIJNZnFA5LGwoARFLcZIl_M8p4","IHOP","https://maps.google.com/?cid=11453441511322662676","https://restaurants.ihop.com/en-us/ca/los-angeles/breakfast-2227-n-figueroa-st-744?utm_source=google&utm_medium=organic&utm_campaign=google_my_business&utm_term=744&utm_content=website","2227 N Figueroa St, Los Angeles, CA 90065, USA","34.083267090909","-118.22332727273","2227 N Figueroa St"," Los Angeles","CA"," USA","90065","1","False","True","True","True","True","False","False","True","True","{'open_now': True, 'periods': [{'open': {'day': 0, 'time': '0000'}}], 'weekday_text': ['Monday: Open 24 hours', 'Tuesday: Open 24 hours', 'Wednesday: Open 24 hours', 'Thursday: Open 24 hours', 'Friday: Open 24 hours', 'Saturday: Open 24 hours', 'Sunday: Open 24 hours']}","4.2","2447","Dine Brands"
"ChIJoQAdMmSdQIYRdl7ecSOE3as","Fuzzy's Taco Shop","https://maps.google.com/?cid=12384199838107852406","https://fuzzystacoshop.com/locations/texas/league-city/","2660 Marina Bay Dr, League City, TX 77573, USA","29.532350008134","-95.070542932928","2660 Marina Bay Dr"," League City","TX"," USA","77573","1","False","True","True","True","True","True","True","True","True","{'open_now': True, 'periods': [{'close': {'day': 0, 'time': '2300'}, 'open': {'day': 0, 'time': '1000'}}, {'close': {'day': 1, 'time': '2300'}, 'open': {'day': 1, 'time': '1000'}}, {'close': {'day': 2, 'time': '2300'}, 'open': {'day': 2, 'time': '1000'}}, {'close': {'day': 3, 'time': '2300'}, 'open': {'day': 3, 'time': '1000'}}, {'close': {'day': 4, 'time': '2300'}, 'open': {'day': 4, 'time': '1000'}}, {'close': {'day': 5, 'time': '2300'}, 'open': {'day': 5, 'time': '1000'}}, {'close': {'day': 6, 'time': '2300'}, 'open': {'day': 6, 'time': '1000'}}], 'weekday_text': ['Monday: 10:00\u202fAM\u2009–\u200911:00\u202fPM', 'Tuesday: 10:00\u202fAM\u2009–\u200911:00\u202fPM', 'Wednesday: 10:00\u202fAM\u2009–\u200911:00\u202fPM', 'Thursday: 10:00\u202fAM\u2009–\u200911:00\u202fPM', 'Friday: 10:00\u202fAM\u2009–\u200911:00\u202fPM', 'Saturday: 10:00\u202fAM\u2009–\u200911:00\u202fPM', 'Sunday: 10:00\u202fAM\u2009–\u200911:00\u202fPM']}","4.3","1247","Dine Brands"
"ChIJHTOfvBOZwoARvhZbxC1c9HA","IHOP","https://maps.google.com/?cid=8139231778202916542","https://restaurants.ihop.com/en-us/ca/tarzana/breakfast-19100-ventura-blvd-748?utm_source=google&utm_medium=organic&utm_campaign=google_my_business&utm_term=748&utm_content=website","19100 Ventura Blvd, Tarzana, CA 91356, USA","34.17244","-118.548477","19100 Ventura Blvd"," Tarzana","CA"," USA","91356","1","False","True","True","True","True","False","False","True","True","{'open_now': True, 'periods': [{'close': {'day': 0, 'time': '2200'}, 'open': {'day': 0, 'time': '0600'}}, {'close': {'day': 1, 'time': '2200'}, 'open': {'day': 1, 'time': '0600'}}, {'close': {'day': 2, 'time': '2200'}, 'open': {'day': 2, 'time': '0600'}}, {'close': {'day': 3, 'time': '2200'}, 'open': {'day': 3, 'time': '0600'}}, {'close': {'day': 4, 'time': '2200'}, 'open': {'day': 4, 'time': '0600'}}, {'close': {'day': 0, 'time': '0000'}, 'open': {'day': 5, 'time': '0600'}}], 'weekday_text': ['Monday: 6:00\u202fAM\u2009–\u200910:00\u202fPM', 'Tuesday: 6:00\u202fAM\u2009–\u200910:00\u202fPM', 'Wednesday: 6:00\u202fAM\u2009–\u200910:00\u202fPM', 'Thursday: 6:00\u202fAM\u2009–\u200910:00\u202fPM', 'Friday: 6:00\u202fAM\u2009–\u200912:00\u202fAM', 'Saturday: Open 24 hours', 'Sunday: 6:00\u202fAM\u2009–\u200910:00\u202fPM']}","3.9","1096","Dine Brands"
"ChIJxYyaKq--woARHpeKzYN9mt4","Gracias Madre","https://maps.google.com/?cid=16040271027876042526","https://graciasmadre.com/location-west-hollywood","8905 Melrose Ave, West Hollywood, CA 90069, USA","34.0809551","-118.386948","8905 Melrose Ave"," West Hollywood","CA"," USA","90069","3","True","True","True","True","True","True","True","True","True","{'open_now': True, 'periods': [{'close': {'day': 0, 'time': '2100'}, 'open': {'day': 0, 'time': '1100'}}, {'close': {'day': 1, 'time': '2100'}, 'open': {'day': 1, 'time': '1100'}}, {'close': {'day': 2, 'time': '2100'}, 'open': {'day': 2, 'time': '1100'}}, {'close': {'day': 3, 'time': '2100'}, 'open': {'day': 3, 'time': '1100'}}, {'close': {'day': 4, 'time': '2200'}, 'open': {'day': 4, 'time': '1100'}}, {'close': {'day': 5, 'time': '2200'}, 'open': {'day': 5, 'time': '1100'}}, {'close': {'day': 6, 'time': '2200'}, 'open': {'day': 6, 'time': '1100'}}], 'weekday_text': ['Monday: 11:00\u202fAM\u2009–\u20099:00\u202fPM', 'Tuesday: 11:00\u202fAM\u2009–\u20099:00\u202fPM', 'Wednesday: 11:00\u202fAM\u2009–\u20099:00\u202fPM', 'Thursday: 11:00\u202fAM\u2009–\u200910:00\u202fPM', 'Friday: 11:00\u202fAM\u2009–\u200910:00\u202fPM', 'Saturday: 11:00\u202fAM\u2009–\u200910:00\u202fPM', 'Sunday: 11:00\u202fAM\u2009–\u20099:00\u202fPM']}","4.5","3492","Other"
"ChIJDWj_ml7GwoARovw-oXJNxXw","Nick's Cafe","https://maps.google.com/?cid=8990677385841933474","https://www.nickscafela.com/","1300 N Spring St, Los Angeles, CA 90012, USA","34.0660312","-118.23313433675","1300 N Spring St"," Los Angeles","CA"," USA","90012","2","","True","True","True","False","True","True","True","False","{'open_now': True, 'periods': [{'close': {'day': 0, 'time': '1500'}, 'open': {'day': 0, 'time': '0600'}}, {'close': {'day': 1, 'time': '1400'}, 'open': {'day': 1, 'time': '0600'}}, {'close': {'day': 2, 'time': '1400'}, 'open': {'day': 2, 'time': '0600'}}, {'close': {'day': 3, 'time': '1400'}, 'open': {'day': 3, 'time': '0600'}}, {'close': {'day': 4, 'time': '1400'}, 'open': {'day': 4, 'time': '0600'}}, {'close': {'day': 5, 'time': '1400'}, 'open': {'day': 5, 'time': '0600'}}, {'close': {'day': 6, 'time': '1500'}, 'open': {'day': 6, 'time': '0600'}}], 'weekday_text': ['Monday: 6:00\u202fAM\u2009–\u20092:00\u202fPM', 'Tuesday: 6:00\u202fAM\u2009–\u20092:00\u202fPM', 'Wednesday: 6:00\u202fAM\u2009–\u20092:00\u202fPM', 'Thursday: 6:00\u202fAM\u2009–\u20092:00\u202fPM', 'Friday: 6:00\u202fAM\u2009–\u20092:00\u202fPM', 'Saturday: 6:00\u202fAM\u2009–\u20093:00\u202fPM', 'Sunday: 6:00\u202fAM\u2009–\u20093:00\u202fPM']}","4.6","1577","Other"
"ChIJs1I9uSm_woAR3xXHBAwPbDY","BevMo!","https://maps.google.com/?cid=3921525919827039711","https://www.bevmo.com/","7100 Santa Monica Blvd, West Hollywood, CA 90046, USA","34.0905269","-118.3457736","7100 Santa Monica Blvd"," West Hollywood","CA"," USA","90046","2","","","","","","","","","","{'open_now': True, 'periods': [{'close': {'day': 0, 'time': '1900'}, 'open': {'day': 0, 'time': '1000'}}, {'close': {'day': 1, 'time': '2100'}, 'open': {'day': 1, 'time': '1000'}}, {'close': {'day': 2, 'time': '2100'}, 'open': {'day': 2, 'time': '1000'}}, {'close': {'day': 3, 'time': '2100'}, 'open': {'day': 3, 'time': '1000'}}, {'close': {'day': 4, 'time': '2100'}, 'open': {'day': 4, 'time': '1000'}}, {'close': {'day': 5, 'time': '2100'}, 'open': {'day': 5, 'time': '1000'}}, {'close': {'day': 6, 'time': '2100'}, 'open': {'day': 6, 'time': '0900'}}], 'weekday_text': ['Monday: 10:00\u202fAM\u2009–\u20099:00\u202fPM', 'Tuesday: 10:00\u202fAM\u2009–\u20099:00\u202fPM', 'Wednesday: 10:00\u202fAM\u2009–\u20099:00\u202fPM', 'Thursday: 10:00\u202fAM\u2009–\u20099:00\u202fPM', 'Friday: 10:00\u202fAM\u2009–\u20099:00\u202fPM', 'Saturday: 9:00\u202fAM\u2009–\u20099:00\u202fPM', 'Sunday: 10:00\u202fAM\u2009–\u20097:00\u202fPM']}","4.2","254","Other"
"ChIJx8T3gpKXwoAR-hsjwe375ak","IHOP","https://maps.google.com/?cid=12242468160642685946","https://restaurants.ihop.com/en-us/ca/encino/breakfast-15635-ventura-blvd-718?utm_source=google&utm_medium=organic&utm_campaign=google_my_business&utm_term=718&utm_content=website","15635 Ventura Blvd, Los Angeles, CA 91436, USA","34.15544135","-118.47473957556","15635 Ventura Blvd"," Los Angeles","CA"," USA","91436","1","False","True","True","True","True","False","False","True","True","{'open_now': True, 'periods': [{'open': {'day': 0, 'time': '0000'}}], 'weekday_text': ['Monday: Open 24 hours', 'Tuesday: Open 24 hours', 'Wednesday: Open 24 hours', 'Thursday: Open 24 hours', 'Friday: Open 24 hours', 'Saturday: Open 24 hours', 'Sunday: Open 24 hours']}","4","1606","Dine Brands"
"ChIJK9vwNo6awoAR3vT6GLYX0uQ","IHOP","https://maps.google.com/?cid=16488267256627393758","https://restaurants.ihop.com/en-us/ca/granada-hills/breakfast-16943-devonshire-st-727?utm_source=google&utm_medium=organic&utm_campaign=google_my_business&utm_term=727&utm_content=website","16943 Devonshire St, Los Angeles, CA 91344, USA","34.25758669965","-118.49994005691","16943 Devonshire St"," Los Angeles","CA"," USA","91344","1","False","True","True","True","True","False","False","True","True","{'open_now': True, 'periods': [{'close': {'day': 0, 'time': '2200'}, 'open': {'day': 0, 'time': '0600'}}, {'close': {'day': 1, 'time': '2200'}, 'open': {'day': 1, 'time': '0600'}}, {'close': {'day': 2, 'time': '2200'}, 'open': {'day': 2, 'time': '0600'}}, {'close': {'day': 3, 'time': '2200'}, 'open': {'day': 3, 'time': '0600'}}, {'close': {'day': 4, 'time': '2200'}, 'open': {'day': 4, 'time': '0600'}}, {'close': {'day': 6, 'time': '0000'}, 'open': {'day': 5, 'time': '0600'}}, {'close': {'day': 0, 'time': '0000'}, 'open': {'day': 6, 'time': '0600'}}], 'weekday_text': ['Monday: 6:00\u202fAM\u2009–\u200910:00\u202fPM', 'Tuesday: 6:00\u202fAM\u2009–\u200910:00\u202fPM', 'Wednesday: 6:00\u202fAM\u2009–\u200910:00\u202fPM', 'Thursday: 6:00\u202fAM\u2009–\u200910:00\u202fPM', 'Friday: 6:00\u202fAM\u2009–\u200912:00\u202fAM', 'Saturday: 6:00\u202fAM\u2009–\u200912:00\u202fAM', 'Sunday: 6:00\u202fAM\u2009–\u200910:00\u202fPM']}","4.2","1209","Dine Brands"
"ChIJayJxQjS_woARavKnsb3Qpn8","The Three Clubs","https://maps.google.com/?cid=9198268802098786922","http://threeclubs.com/","1123 Vine St, Los Angeles, CA 90038, USA","34.091419461538","-118.32672653846","1123 Vine St"," Los Angeles","CA"," USA","90038","2","True","False","True","","","True","True","","","{'open_now': False, 'periods': [{'close': {'day': 1, 'time': '0200'}, 'open': {'day': 0, 'time': '1700'}}, {'close': {'day': 2, 'time': '0200'}, 'open': {'day': 1, 'time': '1700'}}, {'close': {'day': 3, 'time': '0200'}, 'open': {'day': 2, 'time': '1700'}}, {'close': {'day': 4, 'time': '0200'}, 'open': {'day': 3, 'time': '1700'}}, {'close': {'day': 5, 'time': '0200'}, 'open': {'day': 4, 'time': '1700'}}, {'close': {'day': 6, 'time': '0200'}, 'open': {'day': 5, 'time': '1700'}}, {'close': {'day': 0, 'time': '0200'}, 'open': {'day': 6, 'time': '1700'}}], 'weekday_text': ['Monday: 5:00\u202fPM\u2009–\u20092:00\u202fAM', 'Tuesday: 5:00\u202fPM\u2009–\u20092:00\u202fAM', 'Wednesday: 5:00\u202fPM\u2009–\u20092:00\u202fAM', 'Thursday: 5:00\u202fPM\u2009–\u20092:00\u202fAM', 'Friday: 5:00\u202fPM\u2009–\u20092:00\u202fAM', 'Saturday: 5:00\u202fPM\u2009–\u20092:00\u202fAM', 'Sunday: 5:00\u202fPM\u2009–\u20092:00\u202fAM']}","4.4","424","Other"
"ChIJczrmpc2wwoAR2O2_x3vPimo","IHOP","https://maps.google.com/?cid=7677176645345603032","https://restaurants.ihop.com/en-us/ca/los-angeles/breakfast-8600-s-sepulveda-blvd-782?utm_source=google&utm_medium=organic&utm_campaign=google_my_business&utm_term=782&utm_content=website","8600 S Sepulveda Blvd, Los Angeles, CA 90045, USA","33.9704376","-118.3952538","8600 S Sepulveda Blvd"," Los Angeles","CA"," USA","90045","1","False","True","True","True","True","False","False","True","True","{'open_now': True, 'periods': [{'open': {'day': 0, 'time': '0000'}}], 'weekday_text': ['Monday: Open 24 hours', 'Tuesday: Open 24 hours', 'Wednesday: Open 24 hours', 'Thursday: Open 24 hours', 'Friday: Open 24 hours', 'Saturday: Open 24 hours', 'Sunday: Open 24 hours']}","4.2","3421","Dine Brands"
"ChIJn_YnpTWQwoAR-GtD2JWAG3o","IHOP","https://maps.google.com/?cid=8798767678065175544","https://restaurants.ihop.com/en-us/ca/san-fernando/breakfast-1225-truman-st-757?utm_source=google&utm_medium=organic&utm_campaign=google_my_business&utm_term=757&utm_content=website","1225 Truman St., San Fernando, CA 91340, USA","34.28567385","-118.44295633442","1225 Truman St."," San Fernando","CA"," USA","91340","1","False","True","True","True","True","False","False","True","True","{'open_now': True, 'periods': [{'close': {'day': 0, 'time': '2300'}, 'open': {'day': 0, 'time': '0600'}}, {'close': {'day': 1, 'time': '2300'}, 'open': {'day': 1, 'time': '0600'}}, {'close': {'day': 2, 'time': '2300'}, 'open': {'day': 2, 'time': '0600'}}, {'close': {'day': 3, 'time': '2300'}, 'open': {'day': 3, 'time': '0600'}}, {'close': {'day': 4, 'time': '2300'}, 'open': {'day': 4, 'time': '0600'}}, {'close': {'day': 6, 'time': '0000'}, 'open': {'day': 5, 'time': '0600'}}, {'close': {'day': 0, 'time': '0000'}, 'open': {'day': 6, 'time': '0600'}}], 'weekday_text': ['Monday: 6:00\u202fAM\u2009–\u200911:00\u202fPM', 'Tuesday: 6:00\u202fAM\u2009–\u200911:00\u202fPM', 'Wednesday: 6:00\u202fAM\u2009–\u200911:00\u202fPM', 'Thursday: 6:00\u202fAM\u2009–\u200911:00\u202fPM', 'Friday: 6:00\u202fAM\u2009–\u200912:00\u202fAM', 'Saturday: 6:00\u202fAM\u2009–\u200912:00\u202fAM', 'Sunday: 6:00\u202fAM\u2009–\u200911:00\u202fPM']}","4.2","1835","Dine Brands"
"ChIJVYxR9EOVwoARKwL4ttlwG10","IHOP","https://maps.google.com/?cid=6709080150278406699","https://restaurants.ihop.com/en-us/ca/burbank/breakfast-913-n-san-fernando-blvd-728?utm_source=google&utm_medium=organic&utm_campaign=google_my_business&utm_term=728&utm_content=website","913 N San Fernando Blvd, Burbank, CA 91504, USA","34.186340636485","-118.31636093379","913 N San Fernando Blvd"," Burbank","CA"," USA","91504","1","False","True","True","True","True","False","False","True","True","{'open_now': True, 'periods': [{'open': {'day': 0, 'time': '0000'}}], 'weekday_text': ['Monday: Open 24 hours', 'Tuesday: Open 24 hours', 'Wednesday: Open 24 hours', 'Thursday: Open 24 hours', 'Friday: Open 24 hours', 'Saturday: Open 24 hours', 'Sunday: Open 24 hours']}","4.1","1531","Dine Brands"
"ChIJwdLIee233IcRzqTE8PETEng","Fuzzy's Taco Shop","https://maps.google.com/?cid=8651999763979609294","https://fuzzystacoshop.com/locations/missouri/columbia-nifong/","205 E Nifong Blvd #200, Columbia, MO 65203, USA","38.91131808315578","-92.33717547438573","205 E Nifong Blvd #200"," Columbia","MO"," USA","65203","1","False","True","True","True","True","True","","","True","{'open_now': True, 'periods': [{'close': {'day': 0, 'time': '2100'}, 'open': {'day': 0, 'time': '1100'}}, {'close': {'day': 1, 'time': '2200'}, 'open': {'day': 1, 'time': '1000'}}, {'close': {'day': 2, 'time': '2200'}, 'open': {'day': 2, 'time': '1000'}}, {'close': {'day': 3, 'time': '2200'}, 'open': {'day': 3, 'time': '1000'}}, {'close': {'day': 4, 'time': '2200'}, 'open': {'day': 4, 'time': '1000'}}, {'close': {'day': 5, 'time': '2200'}, 'open': {'day': 5, 'time': '1000'}}, {'close': {'day': 6, 'time': '2200'}, 'open': {'day': 6, 'time': '1000'}}], 'weekday_text': ['Monday: 10:00\u202fAM\u2009–\u200910:00\u202fPM', 'Tuesday: 10:00\u202fAM\u2009–\u200910:00\u202fPM', 'Wednesday: 10:00\u202fAM\u2009–\u200910:00\u202fPM', 'Thursday: 10:00\u202fAM\u2009–\u200910:00\u202fPM', 'Friday: 10:00\u202fAM\u2009–\u200910:00\u202fPM', 'Saturday: 10:00\u202fAM\u2009–\u200910:00\u202fPM', 'Sunday: 11:00\u202fAM\u2009–\u20099:00\u202fPM']}","4.2","648","Dine Brands"
"ChIJVbqCBnubwoAR4Rp6r3jfdlI","Applebee's Grill + Bar","https://maps.google.com/?cid=5942182467795032801","https://restaurants.applebees.com/en-us/ca/chatsworth/9255-winnetka-ave-76050?utm_source=google&utm_medium=organic&utm_campaign=google_my_business&utm_term=76050&utm_content=website","9255 Winnetka Ave, Chatsworth, CA 91311, USA","34.239100815605575","-118.57159190342949","9255 Winnetka Ave"," Chatsworth","CA"," USA","91311","2","","True","True","True","True","True","True","True","False","{'open_now': True, 'periods': [{'close': {'day': 1, 'time': '0000'}, 'open': {'day': 0, 'time': '1100'}}, {'close': {'day': 2, 'time': '0000'}, 'open': {'day': 1, 'time': '1100'}}, {'close': {'day': 3, 'time': '0000'}, 'open': {'day': 2, 'time': '1100'}}, {'close': {'day': 4, 'time': '0000'}, 'open': {'day': 3, 'time': '1100'}}, {'close': {'day': 5, 'time': '0000'}, 'open': {'day': 4, 'time': '1100'}}, {'close': {'day': 6, 'time': '0000'}, 'open': {'day': 5, 'time': '1100'}}, {'close': {'day': 0, 'time': '0000'}, 'open': {'day': 6, 'time': '1100'}}], 'weekday_text': ['Monday: 11:00\u202fAM\u2009–\u200912:00\u202fAM', 'Tuesday: 11:00\u202fAM\u2009–\u200912:00\u202fAM', 'Wednesday: 11:00\u202fAM\u2009–\u200912:00\u202fAM', 'Thursday: 11:00\u202fAM\u2009–\u200912:00\u202fAM', 'Friday: 11:00\u202fAM\u2009–\u200912:00\u202fAM', 'Saturday: 11:00\u202fAM\u2009–\u200912:00\u202fAM', 'Sunday: 11:00\u202fAM\u2009–\u200912:00\u202fAM']}","4","2121","Dine Brands"
"ChIJtX5VAUS7woARjpFmHfHXtYI","Busby's West","https://maps.google.com/?cid=9418671626295611790","https://www.busbyswest.com/","3110 Santa Monica Blvd, Santa Monica, CA 90404, USA","34.037207685635","-118.46933805935","3110 Santa Monica Blvd"," Santa Monica","CA"," USA","90404","2","False","True","True","True","True","True","True","","False","{'open_now': False, 'periods': [{'close': {'day': 1, 'time': '0130'}, 'open': {'day': 0, 'time': '1200'}}, {'close': {'day': 2, 'time': '0130'}, 'open': {'day': 1, 'time': '1600'}}, {'close': {'day': 3, 'time': '0130'}, 'open': {'day': 2, 'time': '1600'}}, {'close': {'day': 4, 'time': '0130'}, 'open': {'day': 3, 'time': '1600'}}, {'close': {'day': 5, 'time': '0130'}, 'open': {'day': 4, 'time': '1600'}}, {'close': {'day': 6, 'time': '0130'}, 'open': {'day': 5, 'time': '1600'}}, {'close': {'day': 0, 'time': '0130'}, 'open': {'day': 6, 'time': '1200'}}], 'weekday_text': ['Monday: 4:00\u202fPM\u2009–\u20091:30\u202fAM', 'Tuesday: 4:00\u202fPM\u2009–\u20091:30\u202fAM', 'Wednesday: 4:00\u202fPM\u2009–\u20091:30\u202fAM', 'Thursday: 4:00\u202fPM\u2009–\u20091:30\u202fAM', 'Friday: 4:00\u202fPM\u2009–\u20091:30\u202fAM', 'Saturday: 12:00\u202fPM\u2009–\u20091:30\u202fAM', 'Sunday: 12:00\u202fPM\u2009–\u20091:30\u202fAM']}","4.2","835","Other"
"ChIJf2uDMWm3woAR5Az3KT3o92U","IHOP","https://maps.google.com/?cid=7347596666472959204","https://restaurants.ihop.com/en-us/ca/inglewood/breakfast-4410-century-blvd-3583?utm_source=google&utm_medium=organic&utm_campaign=google_my_business&utm_term=3583&utm_content=website","4410 W Century Blvd, Inglewood, CA 90304, USA","33.945370415165","-118.35308194199","4410 W Century Blvd"," Inglewood","CA"," USA","90304","1","False","True","True","True","True","False","True","True","True","{'open_now': True, 'periods': [{'open': {'day': 0, 'time': '0000'}}], 'weekday_text': ['Monday: Open 24 hours', 'Tuesday: Open 24 hours', 'Wednesday: Open 24 hours', 'Thursday: Open 24 hours', 'Friday: Open 24 hours', 'Saturday: Open 24 hours', 'Sunday: Open 24 hours']}","4","2587","Dine Brands"
"ChIJETTIkZHPwoARTVcuZxs3Np8","IHOP","https://maps.google.com/?cid=11472417691607652173","https://restaurants.ihop.com/en-us/ca/monterey-park/breakfast-2060-s.-atlantic-blvd-767?utm_source=google&utm_medium=organic&utm_campaign=google_my_business&utm_term=767&utm_content=website","2060 S Atlantic Blvd, Monterey Park, CA 91754, USA","34.039584315925","-118.14331761276","2060 S Atlantic Blvd"," Monterey Park","CA"," USA","91754","1","False","True","True","True","True","False","False","True","True","{'open_now': True, 'periods': [{'open': {'day': 0, 'time': '0000'}}], 'weekday_text': ['Monday: Open 24 hours', 'Tuesday: Open 24 hours', 'Wednesday: Open 24 hours', 'Thursday: Open 24 hours', 'Friday: Open 24 hours', 'Saturday: Open 24 hours', 'Sunday: Open 24 hours']}","4.3","2121","Dine Brands"
"ChIJZYxpDza7woARU69tpaaWMkg","IHOP","https://maps.google.com/?cid=5202386162050510675","https://restaurants.ihop.com/en-us/ca/los-angeles/breakfast-12115-ohio-ave-3347?utm_source=google&utm_medium=organic&utm_campaign=google_my_business&utm_term=3347&utm_content=website","12115 W Ohio Ave, Los Angeles, CA 90025, USA","34.04036044817572","-118.46342674576493","12115 W Ohio Ave"," Los Angeles","CA"," USA","90025","1","False","True","True","True","True","False","False","True","True","{'open_now': True, 'periods': [{'close': {'day': 0, 'time': '2200'}, 'open': {'day': 0, 'time': '0700'}}, {'close': {'day': 1, 'time': '2200'}, 'open': {'day': 1, 'time': '0700'}}, {'close': {'day': 2, 'time': '2200'}, 'open': {'day': 2, 'time': '0700'}}, {'close': {'day': 3, 'time': '2200'}, 'open': {'day': 3, 'time': '0700'}}, {'close': {'day': 4, 'time': '2200'}, 'open': {'day': 4, 'time': '0700'}}, {'close': {'day': 5, 'time': '2300'}, 'open': {'day': 5, 'time': '0700'}}, {'close': {'day': 6, 'time': '2300'}, 'open': {'day': 6, 'time': '0700'}}], 'weekday_text': ['Monday: 7:00\u202fAM\u2009–\u200910:00\u202fPM', 'Tuesday: 7:00\u202fAM\u2009–\u200910:00\u202fPM', 'Wednesday: 7:00\u202fAM\u2009–\u200910:00\u202fPM', 'Thursday: 7:00\u202fAM\u2009–\u200910:00\u202fPM', 'Friday: 7:00\u202fAM\u2009–\u200911:00\u202fPM', 'Saturday: 7:00\u202fAM\u2009–\u200911:00\u202fPM', 'Sunday: 7:00\u202fAM\u2009–\u200910:00\u202fPM']}","4.3","1340","Dine Brands"
"ChIJpTqRfji7woARXbVuSe8RO1w","Pita Bar + Grill - Mediterranean Restaurant Brentwood LA","https://maps.google.com/?cid=6645925394542146909","https://pitabargrill.com/","1168 S Barrington Ave, Los Angeles, CA 90025, USA","34.050035625","-118.46126075","1168 S Barrington Ave"," Los Angeles","CA"," USA","90025","1","True","True","True","True","True","True","True","True","True","{'open_now': True, 'periods': [{'close': {'day': 0, 'time': '2000'}, 'open': {'day': 0, 'time': '1200'}}, {'close': {'day': 1, 'time': '2200'}, 'open': {'day': 1, 'time': '1100'}}, {'close': {'day': 2, 'time': '2200'}, 'open': {'day': 2, 'time': '1100'}}, {'close': {'day': 3, 'time': '2200'}, 'open': {'day': 3, 'time': '1100'}}, {'close': {'day': 4, 'time': '2200'}, 'open': {'day': 4, 'time': '1100'}}, {'close': {'day': 5, 'time': '2200'}, 'open': {'day': 5, 'time': '1100'}}, {'close': {'day': 0, 'time': '0000'}, 'open': {'day': 6, 'time': '1100'}}], 'weekday_text': ['Monday: 11:00\u202fAM\u2009–\u200910:00\u202fPM', 'Tuesday: 11:00\u202fAM\u2009–\u200910:00\u202fPM', 'Wednesday: 11:00\u202fAM\u2009–\u200910:00\u202fPM', 'Thursday: 11:00\u202fAM\u2009–\u200910:00\u202fPM', 'Friday: 11:00\u202fAM\u2009–\u200910:00\u202fPM', 'Saturday: 11:00\u202fAM\u2009–\u200912:00\u202fAM', 'Sunday: 12:00\u2009–\u20098:00\u202fPM']}","4.4","80","Other"
"ChIJN00ohyozMYYRiJdhykX-YHM","Fuzzy's Taco Shop","https://maps.google.com/?cid=8313924487827527560","https://fuzzystacoshop.com/locations/louisiana/bossier-city/","4600 E Texas St, Bossier City, LA 71111, USA","32.5260079","-93.7310368","4600 E Texas St"," Bossier City","LA"," USA","71111","1","False","True","True","True","True","True","True","False","True","{'open_now': True, 'periods': [{'close': {'day': 0, 'time': '1900'}, 'open': {'day': 0, 'time': '1000'}}, {'close': {'day': 1, 'time': '2100'}, 'open': {'day': 1, 'time': '0800'}}, {'close': {'day': 2, 'time': '2100'}, 'open': {'day': 2, 'time': '0800'}}, {'close': {'day': 3, 'time': '2100'}, 'open': {'day': 3, 'time': '0800'}}, {'close': {'day': 4, 'time': '2100'}, 'open': {'day': 4, 'time': '0800'}}, {'close': {'day': 5, 'time': '2200'}, 'open': {'day': 5, 'time': '0800'}}, {'close': {'day': 6, 'time': '2200'}, 'open': {'day': 6, 'time': '1000'}}], 'weekday_text': ['Monday: 8:00\u202fAM\u2009–\u20099:00\u202fPM', 'Tuesday: 8:00\u202fAM\u2009–\u20099:00\u202fPM', 'Wednesday: 8:00\u202fAM\u2009–\u20099:00\u202fPM', 'Thursday: 8:00\u202fAM\u2009–\u20099:00\u202fPM', 'Friday: 8:00\u202fAM\u2009–\u200910:00\u202fPM', 'Saturday: 10:00\u202fAM\u2009–\u200910:00\u202fPM', 'Sunday: 10:00\u202fAM\u2009–\u20097:00\u202fPM']}","4","441","Dine Brands"
"ChIJk7V3uhjJwoARDrKaELQsbmY","IHOP","https://maps.google.com/?cid=7380885991191130638","https://restaurants.ihop.com/en-us/ca/huntington-park/breakfast-6300-santa-fe-ave-785?utm_source=google&utm_medium=organic&utm_campaign=google_my_business&utm_term=785&utm_content=website","6300 Santa Fe Ave, Huntington Park, CA 90255, USA","33.9748611","-118.230254","6300 Santa Fe Ave"," Huntington Park","CA"," USA","90255","1","False","True","True","True","True","False","False","True","True","{'open_now': True, 'periods': [{'close': {'day': 0, 'time': '2200'}, 'open': {'day': 0, 'time': '0700'}}, {'close': {'day': 1, 'time': '2200'}, 'open': {'day': 1, 'time': '0700'}}, {'close': {'day': 2, 'time': '2200'}, 'open': {'day': 2, 'time': '0700'}}, {'close': {'day': 3, 'time': '2200'}, 'open': {'day': 3, 'time': '0700'}}, {'close': {'day': 4, 'time': '2200'}, 'open': {'day': 4, 'time': '0700'}}, {'close': {'day': 5, 'time': '2200'}, 'open': {'day': 5, 'time': '0700'}}, {'close': {'day': 6, 'time': '2200'}, 'open': {'day': 6, 'time': '0700'}}], 'weekday_text': ['Monday: 7:00\u202fAM\u2009–\u200910:00\u202fPM', 'Tuesday: 7:00\u202fAM\u2009–\u200910:00\u202fPM', 'Wednesday: 7:00\u202fAM\u2009–\u200910:00\u202fPM', 'Thursday: 7:00\u202fAM\u2009–\u200910:00\u202fPM', 'Friday: 7:00\u202fAM\u2009–\u200910:00\u202fPM', 'Saturday: 7:00\u202fAM\u2009–\u200910:00\u202fPM', 'Sunday: 7:00\u202fAM\u2009–\u200910:00\u202fPM']}","4.3","2920","Dine Brands"
"ChIJFeL7xii4woARg3gOfY4Rh08","IHOP","https://maps.google.com/?cid=5730568354533374083","https://restaurants.ihop.com/en-us/ca/los-angeles/breakfast-3625-stocker-st-003?utm_source=google&utm_medium=organic&utm_campaign=google_my_business&utm_term=003&utm_content=website","3625 Stocker St, Los Angeles, CA 90008, USA","34.0082955","-118.33631003103","3625 Stocker St"," Los Angeles","CA"," USA","90008","1","False","True","True","True","True","False","False","True","True","{'open_now': True, 'periods': [{'close': {'day': 0, 'time': '2200'}, 'open': {'day': 0, 'time': '0700'}}, {'close': {'day': 1, 'time': '2200'}, 'open': {'day': 1, 'time': '0700'}}, {'close': {'day': 2, 'time': '2200'}, 'open': {'day': 2, 'time': '0700'}}, {'close': {'day': 3, 'time': '2200'}, 'open': {'day': 3, 'time': '0700'}}, {'close': {'day': 4, 'time': '2200'}, 'open': {'day': 4, 'time': '0700'}}, {'close': {'day': 6, 'time': '0000'}, 'open': {'day': 5, 'time': '0700'}}, {'close': {'day': 0, 'time': '0000'}, 'open': {'day': 6, 'time': '0700'}}], 'weekday_text': ['Monday: 7:00\u202fAM\u2009–\u200910:00\u202fPM', 'Tuesday: 7:00\u202fAM\u2009–\u200910:00\u202fPM', 'Wednesday: 7:00\u202fAM\u2009–\u200910:00\u202fPM', 'Thursday: 7:00\u202fAM\u2009–\u200910:00\u202fPM', 'Friday: 7:00\u202fAM\u2009–\u200912:00\u202fAM', 'Saturday: 7:00\u202fAM\u2009–\u200912:00\u202fAM', 'Sunday: 7:00\u202fAM\u2009–\u200910:00\u202fPM']}","4.1","1592","Dine Brands"
"ChIJJz0R9CG5woARU9sTtz1rLhE","IHOP","https://maps.google.com/?cid=1238044860382174035","https://restaurants.ihop.com/en-us/ca/los-angeles/breakfast-5655-wilshire-blvd-796?utm_source=google&utm_medium=organic&utm_campaign=google_my_business&utm_term=796&utm_content=website","5655 Wilshire Blvd, Los Angeles, CA 90036, USA","34.062239770833","-118.35168016667","5655 Wilshire Blvd"," Los Angeles","CA"," USA","90036","1","False","True","True","True","True","False","False","True","True","{'open_now': True, 'periods': [{'close': {'day': 0, 'time': '2200'}, 'open': {'day': 0, 'time': '0700'}}, {'close': {'day': 1, 'time': '2200'}, 'open': {'day': 1, 'time': '0700'}}, {'close': {'day': 2, 'time': '2200'}, 'open': {'day': 2, 'time': '0700'}}, {'close': {'day': 3, 'time': '2200'}, 'open': {'day': 3, 'time': '0700'}}, {'close': {'day': 4, 'time': '2200'}, 'open': {'day': 4, 'time': '0700'}}, {'close': {'day': 6, 'time': '0000'}, 'open': {'day': 5, 'time': '0700'}}, {'close': {'day': 0, 'time': '0000'}, 'open': {'day': 6, 'time': '0700'}}], 'weekday_text': ['Monday: 7:00\u202fAM\u2009–\u200910:00\u202fPM', 'Tuesday: 7:00\u202fAM\u2009–\u200910:00\u202fPM', 'Wednesday: 7:00\u202fAM\u2009–\u200910:00\u202fPM', 'Thursday: 7:00\u202fAM\u2009–\u200910:00\u202fPM', 'Friday: 7:00\u202fAM\u2009–\u200912:00\u202fAM', 'Saturday: 7:00\u202fAM\u2009–\u200912:00\u202fAM', 'Sunday: 7:00\u202fAM\u2009–\u200910:00\u202fPM']}","4.2","1897","Dine Brands"
"ChIJV-vhbYy2woARXQ-lKFiVmX8","Carniceria Los Tapatios","https://maps.google.com/?cid=9194544320125144925","","11045 Hawthorne Blvd, Lennox, CA 90304, USA","33.935346969388","-118.35238037755","11045 Hawthorne Blvd"," Lennox","CA"," USA","90304","2","","True","True","True","True","False","False","True","False","{'open_now': True, 'periods': [{'close': {'day': 0, 'time': '2100'}, 'open': {'day': 0, 'time': '0700'}}, {'close': {'day': 1, 'time': '2100'}, 'open': {'day': 1, 'time': '0700'}}, {'close': {'day': 2, 'time': '2100'}, 'open': {'day': 2, 'time': '0700'}}, {'close': {'day': 3, 'time': '2100'}, 'open': {'day': 3, 'time': '0700'}}, {'close': {'day': 4, 'time': '2100'}, 'open': {'day': 4, 'time': '0700'}}, {'close': {'day': 5, 'time': '2100'}, 'open': {'day': 5, 'time': '0700'}}, {'close': {'day': 6, 'time': '2100'}, 'open': {'day': 6, 'time': '0700'}}], 'weekday_text': ['Monday: 7:00\u202fAM\u2009–\u20099:00\u202fPM', 'Tuesday: 7:00\u202fAM\u2009–\u20099:00\u202fPM', 'Wednesday: 7:00\u202fAM\u2009–\u20099:00\u202fPM', 'Thursday: 7:00\u202fAM\u2009–\u20099:00\u202fPM', 'Friday: 7:00\u202fAM\u2009–\u20099:00\u202fPM', 'Saturday: 7:00\u202fAM\u2009–\u20099:00\u202fPM', 'Sunday: 7:00\u202fAM\u2009–\u20099:00\u202fPM']}","4.2","432","Other"
"ChIJr1FS7Sa_woARdj7HmRxvgko","IHOP","https://maps.google.com/?cid=5368975874408791670","https://restaurants.ihop.com/en-us/ca/hollywood/breakfast-7006-w-sunset-blvd-005?utm_source=google&utm_medium=organic&utm_campaign=google_my_business&utm_term=005&utm_content=website","7006 Sunset Blvd, Hollywood, CA 90028, USA","34.097882877551","-118.34273081633","7006 Sunset Blvd"," Hollywood","CA"," USA","90028","1","False","True","True","True","True","False","False","True","True","{'open_now': True, 'periods': [{'open': {'day': 0, 'time': '0000'}}], 'weekday_text': ['Monday: Open 24 hours', 'Tuesday: Open 24 hours', 'Wednesday: Open 24 hours', 'Thursday: Open 24 hours', 'Friday: Open 24 hours', 'Saturday: Open 24 hours', 'Sunday: Open 24 hours']}","4.2","4042","Dine Brands"
"ChIJ43l-zz-6woARekJ1mLucIGQ","Warm & Fuzzy","https://maps.google.com/?cid=7214938932578173562","http://warmnfuzzy.tv/","11265 Washington Blvd, Culver City, CA 90230, USA","34.005059","-118.414016875","11265 Washington Blvd"," Culver City","CA"," USA","90230","","","","","","","","","","","","5","15","Other"
"ChIJm7_8bHUx3YARgRekdN8kuPs","Tacos La Revancha Kitchen & Beer","https://maps.google.com/?cid=18138288041387890561","https://tacoslarevancha.com/","2634 E Anaheim St, Long Beach, CA 90804, USA","33.78237695","-118.16037996368","2634 E Anaheim St"," Long Beach","CA"," USA","90804","1","False","True","True","True","True","True","","","True","{'open_now': True, 'periods': [{'close': {'day': 1, 'time': '0000'}, 'open': {'day': 0, 'time': '0900'}}, {'close': {'day': 2, 'time': '0000'}, 'open': {'day': 1, 'time': '0900'}}, {'close': {'day': 3, 'time': '0000'}, 'open': {'day': 2, 'time': '0900'}}, {'close': {'day': 4, 'time': '0000'}, 'open': {'day': 3, 'time': '0900'}}, {'close': {'day': 5, 'time': '0000'}, 'open': {'day': 4, 'time': '0900'}}, {'close': {'day': 6, 'time': '0000'}, 'open': {'day': 5, 'time': '0900'}}, {'close': {'day': 0, 'time': '0000'}, 'open': {'day': 6, 'time': '0900'}}], 'weekday_text': ['Monday: 9:00\u202fAM\u2009–\u200912:00\u202fAM', 'Tuesday: 9:00\u202fAM\u2009–\u200912:00\u202fAM', 'Wednesday: 9:00\u202fAM\u2009–\u200912:00\u202fAM', 'Thursday: 9:00\u202fAM\u2009–\u200912:00\u202fAM', 'Friday: 9:00\u202fAM\u2009–\u200912:00\u202fAM', 'Saturday: 9:00\u202fAM\u2009–\u200912:00\u202fAM', 'Sunday: 9:00\u202fAM\u2009–\u200912:00\u202fAM']}","4.2","323","Other"
"ChIJ3S1fOq67woARres8V089cWw","IHOP","https://maps.google.com/?cid=7814094239439842221","https://restaurants.ihop.com/en-us/ca/los-angeles/breakfast-2912-s-sepulveda-blvd-712?utm_source=google&utm_medium=organic&utm_campaign=google_my_business&utm_term=712&utm_content=website","2912 S Sepulveda Blvd, Los Angeles, CA 90064, USA","34.028399100932","-118.42924500499","2912 S Sepulveda Blvd"," Los Angeles","CA"," USA","90064","1","False","True","True","True","True","False","True","True","True","{'open_now': True, 'periods': [{'open': {'day': 0, 'time': '0000'}}], 'weekday_text': ['Monday: Open 24 hours', 'Tuesday: Open 24 hours', 'Wednesday: Open 24 hours', 'Thursday: Open 24 hours', 'Friday: Open 24 hours', 'Saturday: Open 24 hours', 'Sunday: Open 24 hours']}","3.8","1339","Dine Brands"
"ChIJIbgd9K2XwoARDuJASPKNniw","IHOP","https://maps.google.com/?cid=3215163255722926606","https://restaurants.ihop.com/en-us/ca/north-hollywood/breakfast-6343-laurel-canyon-blvd-3723?utm_source=google&utm_medium=organic&utm_campaign=google_my_business&utm_term=3723&utm_content=website","6343 Laurel Canyon Blvd, North Hollywood, CA 91606, USA","34.186136323859856","-118.39679954575871","6343 Laurel Canyon Blvd"," North Hollywood","CA"," USA","91606","1","False","True","True","True","True","False","False","True","True","{'open_now': True, 'periods': [{'open': {'day': 0, 'time': '0000'}}], 'weekday_text': ['Monday: Open 24 hours', 'Tuesday: Open 24 hours', 'Wednesday: Open 24 hours', 'Thursday: Open 24 hours', 'Friday: Open 24 hours', 'Saturday: Open 24 hours', 'Sunday: Open 24 hours']}","3.6","623","Dine Brands"
"ChIJi0ubl_OVwoARYBsh36K9wxA","El Tejano","https://maps.google.com/?cid=1208017632291265376","http://eltejanotexmex.com/","11122 Magnolia Blvd, North Hollywood, CA 91601, USA","34.1645968","-118.37325086848","11122 Magnolia Blvd"," North Hollywood","CA"," USA","91601","2","True","True","True","True","True","True","True","True","False","{'open_now': True, 'periods': [{'close': {'day': 1, 'time': '0200'}, 'open': {'day': 0, 'time': '1200'}}, {'close': {'day': 2, 'time': '0200'}, 'open': {'day': 1, 'time': '1200'}}, {'close': {'day': 3, 'time': '0200'}, 'open': {'day': 2, 'time': '1200'}}, {'close': {'day': 4, 'time': '0200'}, 'open': {'day': 3, 'time': '1200'}}, {'close': {'day': 5, 'time': '0200'}, 'open': {'day': 4, 'time': '1200'}}, {'close': {'day': 6, 'time': '0200'}, 'open': {'day': 5, 'time': '1200'}}, {'close': {'day': 0, 'time': '0200'}, 'open': {'day': 6, 'time': '1200'}}], 'weekday_text': ['Monday: 12:00\u202fPM\u2009–\u20092:00\u202fAM', 'Tuesday: 12:00\u202fPM\u2009–\u20092:00\u202fAM', 'Wednesday: 12:00\u202fPM\u2009–\u20092:00\u202fAM', 'Thursday: 12:00\u202fPM\u2009–\u20092:00\u202fAM', 'Friday: 12:00\u202fPM\u2009–\u20092:00\u202fAM', 'Saturday: 12:00\u202fPM\u2009–\u20092:00\u202fAM', 'Sunday: 12:00\u202fPM\u2009–\u20092:00\u202fAM']}","4.1","1038","Other"
"ChIJn4LNStXGwoARg_2D76RJgPI","Frogtown Brewery","https://maps.google.com/?cid=17474047526939393411","http://frogtownbrewery.com/","2931 Gilroy St, Los Angeles, CA 90039, USA","34.106565515152","-118.25152093939","2931 Gilroy St"," Los Angeles","CA"," USA","90039","","","","","","","True","","","","{'open_now': False, 'periods': [{'close': {'day': 0, 'time': '2200'}, 'open': {'day': 0, 'time': '1200'}}, {'close': {'day': 1, 'time': '2200'}, 'open': {'day': 1, 'time': '1600'}}, {'close': {'day': 2, 'time': '2200'}, 'open': {'day': 2, 'time': '1600'}}, {'close': {'day': 3, 'time': '2200'}, 'open': {'day': 3, 'time': '1600'}}, {'close': {'day': 4, 'time': '2200'}, 'open': {'day': 4, 'time': '1200'}}, {'close': {'day': 5, 'time': '2300'}, 'open': {'day': 5, 'time': '1200'}}, {'close': {'day': 6, 'time': '2300'}, 'open': {'day': 6, 'time': '1200'}}], 'weekday_text': ['Monday: 4:00\u2009–\u200910:00\u202fPM', 'Tuesday: 4:00\u2009–\u200910:00\u202fPM', 'Wednesday: 4:00\u2009–\u200910:00\u202fPM', 'Thursday: 12:00\u2009–\u200910:00\u202fPM', 'Friday: 12:00\u2009–\u200911:00\u202fPM', 'Saturday: 12:00\u2009–\u200911:00\u202fPM', 'Sunday: 12:00\u2009–\u200910:00\u202fPM']}","4.6","291","Other"
"ChIJNU6G0lMzs1IRAQewCY0cuOk","Fuzzy's Taco Shop Taqueria","https://maps.google.com/?cid=16841242198630467329","https://fuzzystacoshop.com/locations/minnesota/minneapolis/","701 N Washington Ave Ste #125, Minneapolis, MN 55401, USA","44.98753813532195","-93.2777442029198","701 N Washington Ave Ste #125"," Minneapolis","MN"," USA","55401","1","False","True","True","True","True","True","","","True","{'open_now': True, 'periods': [{'close': {'day': 0, 'time': '2200'}, 'open': {'day': 0, 'time': '0800'}}, {'close': {'day': 1, 'time': '2200'}, 'open': {'day': 1, 'time': '0800'}}, {'close': {'day': 2, 'time': '2200'}, 'open': {'day': 2, 'time': '0800'}}, {'close': {'day': 3, 'time': '2200'}, 'open': {'day': 3, 'time': '0800'}}, {'close': {'day': 4, 'time': '2200'}, 'open': {'day': 4, 'time': '0800'}}, {'close': {'day': 6, 'time': '0100'}, 'open': {'day': 5, 'time': '0800'}}, {'close': {'day': 0, 'time': '0100'}, 'open': {'day': 6, 'time': '0800'}}], 'weekday_text': ['Monday: 8:00\u202fAM\u2009–\u200910:00\u202fPM', 'Tuesday: 8:00\u202fAM\u2009–\u200910:00\u202fPM', 'Wednesday: 8:00\u202fAM\u2009–\u200910:00\u202fPM', 'Thursday: 8:00\u202fAM\u2009–\u200910:00\u202fPM', 'Friday: 8:00\u202fAM\u2009–\u20091:00\u202fAM', 'Saturday: 8:00\u202fAM\u2009–\u20091:00\u202fAM', 'Sunday: 8:00\u202fAM\u2009–\u200910:00\u202fPM']}","4.5","313","Dine Brands"
"ChIJSd-YZ0qxwoARKPL3H3uuc0g","IHOP","https://maps.google.com/?cid=5220708236893090344","https://restaurants.ihop.com/en-us/ca/el-segundo/breakfast-755-n-pacific-coast-hwy-3074?utm_source=google&utm_medium=organic&utm_campaign=google_my_business&utm_term=3074&utm_content=website","755 N Pacific Coast Hwy, El Segundo, CA 90245, USA","33.9261644","-118.3965826","755 N Pacific Coast Hwy"," El Segundo","CA"," USA","90245","1","False","True","True","True","True","False","True","True","False","{'open_now': True, 'periods': [{'close': {'day': 0, 'time': '2200'}, 'open': {'day': 0, 'time': '0700'}}, {'close': {'day': 1, 'time': '2200'}, 'open': {'day': 1, 'time': '0700'}}, {'close': {'day': 2, 'time': '2200'}, 'open': {'day': 2, 'time': '0700'}}, {'close': {'day': 3, 'time': '2200'}, 'open': {'day': 3, 'time': '0700'}}, {'close': {'day': 4, 'time': '2200'}, 'open': {'day': 4, 'time': '0700'}}, {'close': {'day': 6, 'time': '0000'}, 'open': {'day': 5, 'time': '0700'}}, {'close': {'day': 0, 'time': '0000'}, 'open': {'day': 6, 'time': '0700'}}], 'weekday_text': ['Monday: 7:00\u202fAM\u2009–\u200910:00\u202fPM', 'Tuesday: 7:00\u202fAM\u2009–\u200910:00\u202fPM', 'Wednesday: 7:00\u202fAM\u2009–\u200910:00\u202fPM', 'Thursday: 7:00\u202fAM\u2009–\u200910:00\u202fPM', 'Friday: 7:00\u202fAM\u2009–\u200912:00\u202fAM', 'Saturday: 7:00\u202fAM\u2009–\u200912:00\u202fAM', 'Sunday: 7:00\u202fAM\u2009–\u200910:00\u202fPM']}","4.1","2501","Dine Brands"
"ChIJUbNfwlEo6IAR9Tq9pGakD34","El Patio Cantina","https://maps.google.com/?cid=9083659734187064053","https://www.elpatiosimi.com/","1925 Tapo St, Simi Valley, CA 93063, USA","34.2711366","-118.70917407356","1925 Tapo St"," Simi Valley","CA"," USA","93063","1","True","True","True","True","True","True","True","True","False","{'open_now': True, 'periods': [{'close': {'day': 0, 'time': '2100'}, 'open': {'day': 0, 'time': '1000'}}, {'close': {'day': 1, 'time': '2130'}, 'open': {'day': 1, 'time': '1100'}}, {'close': {'day': 2, 'time': '2130'}, 'open': {'day': 2, 'time': '1100'}}, {'close': {'day': 3, 'time': '2130'}, 'open': {'day': 3, 'time': '1100'}}, {'close': {'day': 4, 'time': '2130'}, 'open': {'day': 4, 'time': '1100'}}, {'close': {'day': 5, 'time': '2200'}, 'open': {'day': 5, 'time': '1100'}}, {'close': {'day': 6, 'time': '2200'}, 'open': {'day': 6, 'time': '1100'}}], 'weekday_text': ['Monday: 11:00\u202fAM\u2009–\u20099:30\u202fPM', 'Tuesday: 11:00\u202fAM\u2009–\u20099:30\u202fPM', 'Wednesday: 11:00\u202fAM\u2009–\u20099:30\u202fPM', 'Thursday: 11:00\u202fAM\u2009–\u20099:30\u202fPM', 'Friday: 11:00\u202fAM\u2009–\u200910:00\u202fPM', 'Saturday: 11:00\u202fAM\u2009–\u200910:00\u202fPM', 'Sunday: 10:00\u202fAM\u2009–\u20099:00\u202fPM']}","4.3","391","Other"
"ChIJ6Z6W4Ha6woARMjTJ8EzTJpA","Ronnie's Diner","https://maps.google.com/?cid=10387221917987320882","http://ronniesdiner.com/","12740 Culver Blvd, Los Angeles, CA 90066, USA","33.986201863636","-118.42534160101","12740 Culver Blvd"," Los Angeles","CA"," USA","90066","1","True","True","True","True","True","False","False","True","False","{'open_now': True, 'periods': [{'close': {'day': 0, 'time': '1430'}, 'open': {'day': 0, 'time': '0730'}}, {'close': {'day': 1, 'time': '1430'}, 'open': {'day': 1, 'time': '0700'}}, {'close': {'day': 2, 'time': '1430'}, 'open': {'day': 2, 'time': '0700'}}, {'close': {'day': 3, 'time': '1430'}, 'open': {'day': 3, 'time': '0700'}}, {'close': {'day': 4, 'time': '1430'}, 'open': {'day': 4, 'time': '0700'}}, {'close': {'day': 5, 'time': '1430'}, 'open': {'day': 5, 'time': '0700'}}, {'close': {'day': 6, 'time': '1430'}, 'open': {'day': 6, 'time': '0730'}}], 'weekday_text': ['Monday: 7:00\u202fAM\u2009–\u20092:30\u202fPM', 'Tuesday: 7:00\u202fAM\u2009–\u20092:30\u202fPM', 'Wednesday: 7:00\u202fAM\u2009–\u20092:30\u202fPM', 'Thursday: 7:00\u202fAM\u2009–\u20092:30\u202fPM', 'Friday: 7:00\u202fAM\u2009–\u20092:30\u202fPM', 'Saturday: 7:30\u202fAM\u2009–\u20092:30\u202fPM', 'Sunday: 7:30\u202fAM\u2009–\u20092:30\u202fPM']}","4.6","765","Other"
"ChIJueIEV1SY7ocR_gjR_bMOnbM","Fuzzy's Taco Shop","https://maps.google.com/?cid=12942517070352943358","https://fuzzystacoshop.com/locations/iowa/des-moines/","300 W Martin Luther King Jr Pkwy Suite 120, Des Moines, IA 50309, USA","41.58190582490264","-93.61951633193011","300 W Martin Luther King Jr Pkwy Suite 120"," Des Moines","IA"," USA","50309","1","False","True","True","True","True","True","True","","True","{'open_now': True, 'periods': [{'close': {'day': 0, 'time': '2200'}, 'open': {'day': 0, 'time': '1000'}}, {'close': {'day': 1, 'time': '2200'}, 'open': {'day': 1, 'time': '1000'}}, {'close': {'day': 2, 'time': '2200'}, 'open': {'day': 2, 'time': '1000'}}, {'close': {'day': 3, 'time': '2200'}, 'open': {'day': 3, 'time': '1000'}}, {'close': {'day': 4, 'time': '2200'}, 'open': {'day': 4, 'time': '1000'}}, {'close': {'day': 6, 'time': '0200'}, 'open': {'day': 5, 'time': '1000'}}, {'close': {'day': 0, 'time': '0200'}, 'open': {'day': 6, 'time': '1000'}}], 'weekday_text': ['Monday: 10:00\u202fAM\u2009–\u200910:00\u202fPM', 'Tuesday: 10:00\u202fAM\u2009–\u200910:00\u202fPM', 'Wednesday: 10:00\u202fAM\u2009–\u200910:00\u202fPM', 'Thursday: 10:00\u202fAM\u2009–\u200910:00\u202fPM', 'Friday: 10:00\u202fAM\u2009–\u20092:00\u202fAM', 'Saturday: 10:00\u202fAM\u2009–\u20092:00\u202fAM', 'Sunday: 10:00\u202fAM\u2009–\u200910:00\u202fPM']}","4.1","1851","Dine Brands"
"ChIJdfRU8NGQwoAR9Ch4-eL8UHs","IHOP","https://maps.google.com/?cid=8885880116580198644","https://restaurants.ihop.com/en-us/ca/panorama-city/breakfast-8555-vesper-ave-002?utm_source=google&utm_medium=organic&utm_campaign=google_my_business&utm_term=002&utm_content=website","8555 Vesper Ave, Panorama City, CA 91402, USA","34.225438553024","-118.45040427515","8555 Vesper Ave"," Panorama City","CA"," USA","91402","1","False","True","True","True","True","False","False","True","True","{'open_now': True, 'periods': [{'close': {'day': 0, 'time': '1500'}, 'open': {'day': 0, 'time': '0700'}}, {'close': {'day': 1, 'time': '1500'}, 'open': {'day': 1, 'time': '0700'}}, {'close': {'day': 2, 'time': '1500'}, 'open': {'day': 2, 'time': '0700'}}, {'close': {'day': 3, 'time': '1500'}, 'open': {'day': 3, 'time': '0700'}}, {'close': {'day': 4, 'time': '1500'}, 'open': {'day': 4, 'time': '0700'}}, {'close': {'day': 5, 'time': '1500'}, 'open': {'day': 5, 'time': '0700'}}, {'close': {'day': 6, 'time': '1500'}, 'open': {'day': 6, 'time': '0700'}}], 'weekday_text': ['Monday: 7:00\u202fAM\u2009–\u20093:00\u202fPM', 'Tuesday: 7:00\u202fAM\u2009–\u20093:00\u202fPM', 'Wednesday: 7:00\u202fAM\u2009–\u20093:00\u202fPM', 'Thursday: 7:00\u202fAM\u2009–\u20093:00\u202fPM', 'Friday: 7:00\u202fAM\u2009–\u20093:00\u202fPM', 'Saturday: 7:00\u202fAM\u2009–\u20093:00\u202fPM', 'Sunday: 7:00\u202fAM\u2009–\u20093:00\u202fPM']}","4.2","1485","Dine Brands"
"ChIJkZ3mK4-6woARX7Kpp3J10cs","IHOP","https://maps.google.com/?cid=14686648995131535967","https://restaurants.ihop.com/en-us/ca/marina-del-rey/breakfast-4070-lincoln-blvd-3095?utm_source=google&utm_medium=organic&utm_campaign=google_my_business&utm_term=3095&utm_content=website","4070 Lincoln Blvd, Marina Del Rey, CA 90292, USA","33.9829037","-118.4412252","4070 Lincoln Blvd"," Marina Del Rey","CA"," USA","90292","1","False","True","True","True","True","False","True","True","True","{'open_now': True, 'periods': [{'close': {'day': 0, 'time': '2200'}, 'open': {'day': 0, 'time': '0700'}}, {'close': {'day': 1, 'time': '2200'}, 'open': {'day': 1, 'time': '0700'}}, {'close': {'day': 2, 'time': '2200'}, 'open': {'day': 2, 'time': '0700'}}, {'close': {'day': 3, 'time': '2200'}, 'open': {'day': 3, 'time': '0700'}}, {'close': {'day': 4, 'time': '2200'}, 'open': {'day': 4, 'time': '0700'}}, {'close': {'day': 6, 'time': '0000'}, 'open': {'day': 5, 'time': '0700'}}, {'close': {'day': 0, 'time': '0000'}, 'open': {'day': 6, 'time': '0700'}}], 'weekday_text': ['Monday: 7:00\u202fAM\u2009–\u200910:00\u202fPM', 'Tuesday: 7:00\u202fAM\u2009–\u200910:00\u202fPM', 'Wednesday: 7:00\u202fAM\u2009–\u200910:00\u202fPM', 'Thursday: 7:00\u202fAM\u2009–\u200910:00\u202fPM', 'Friday: 7:00\u202fAM\u2009–\u200912:00\u202fAM', 'Saturday: 7:00\u202fAM\u2009–\u200912:00\u202fAM', 'Sunday: 7:00\u202fAM\u2009–\u200910:00\u202fPM']}","4.2","1823","Dine Brands"
"ChIJb1GSVNW-woARBDmkcrQUbPU","Fuzzy Navel","https://maps.google.com/?cid=17684532602027129092","","8360 W 3rd St, Los Angeles, CA 90048, USA","34.072881979592","-118.37272393878","8360 W 3rd St"," Los Angeles","CA"," USA","90048","","","","","","","","","","","","4.8","6","Other"
